INSERT INTO auth.users (id, email, encrypted_password, email_confirmed_at, aud, role, raw_user_meta_data) VALUES ('2590e03d-5871-482b-9603-db83a9963917', 'lisa.brown75@example.com', '$2a$10$abcdefghijklmnopqrstuv', NOW(), 'authenticated', 'authenticated', '{"full_name": "lisa.brown75", "email": "lisa.brown75@example.com"}') ON CONFLICT (id) DO NOTHING;
INSERT INTO auth.users (id, email, encrypted_password, email_confirmed_at, aud, role, raw_user_meta_data) VALUES ('172db8ec-f79a-4b22-a483-d0038cc66e1e', 'emma.wilson97@example.com', '$2a$10$abcdefghijklmnopqrstuv', NOW(), 'authenticated', 'authenticated', '{"full_name": "emma.wilson97", "email": "emma.wilson97@example.com"}') ON CONFLICT (id) DO NOTHING;
INSERT INTO auth.users (id, email, encrypted_password, email_confirmed_at, aud, role, raw_user_meta_data) VALUES ('43a31cda-f2dd-4a30-aebe-c50a0661fe18', 'robert.taylor86@example.com', '$2a$10$abcdefghijklmnopqrstuv', NOW(), 'authenticated', 'authenticated', '{"full_name": "robert.taylor86", "email": "robert.taylor86@example.com"}') ON CONFLICT (id) DO NOTHING;
INSERT INTO auth.users (id, email, encrypted_password, email_confirmed_at, aud, role, raw_user_meta_data) VALUES ('02c864ca-93ea-474e-b4a9-eab812a1307c', 'john.thomas94@example.com', '$2a$10$abcdefghijklmnopqrstuv', NOW(), 'authenticated', 'authenticated', '{"full_name": "john.thomas94", "email": "john.thomas94@example.com"}') ON CONFLICT (id) DO NOTHING;
INSERT INTO auth.users (id, email, encrypted_password, email_confirmed_at, aud, role, raw_user_meta_data) VALUES ('c4b6c24f-3f49-49f2-9d79-152fcc4f7656', 'robert.wilson90@example.com', '$2a$10$abcdefghijklmnopqrstuv', NOW(), 'authenticated', 'authenticated', '{"full_name": "robert.wilson90", "email": "robert.wilson90@example.com"}') ON CONFLICT (id) DO NOTHING;
INSERT INTO auth.users (id, email, encrypted_password, email_confirmed_at, aud, role, raw_user_meta_data) VALUES ('ebc8d872-f31e-45d4-8031-b099af8920dc', 'robert.smith65@example.com', '$2a$10$abcdefghijklmnopqrstuv', NOW(), 'authenticated', 'authenticated', '{"full_name": "robert.smith65", "email": "robert.smith65@example.com"}') ON CONFLICT (id) DO NOTHING;
INSERT INTO auth.users (id, email, encrypted_password, email_confirmed_at, aud, role, raw_user_meta_data) VALUES ('75754f61-309a-4f01-b777-cb303664085d', 'mike.brown99@example.com', '$2a$10$abcdefghijklmnopqrstuv', NOW(), 'authenticated', 'authenticated', '{"full_name": "mike.brown99", "email": "mike.brown99@example.com"}') ON CONFLICT (id) DO NOTHING;
INSERT INTO auth.users (id, email, encrypted_password, email_confirmed_at, aud, role, raw_user_meta_data) VALUES ('4715f785-3b5f-4b8f-b504-7d7a2227d1d8', 'mike.jackson60@example.com', '$2a$10$abcdefghijklmnopqrstuv', NOW(), 'authenticated', 'authenticated', '{"full_name": "mike.jackson60", "email": "mike.jackson60@example.com"}') ON CONFLICT (id) DO NOTHING;
INSERT INTO auth.users (id, email, encrypted_password, email_confirmed_at, aud, role, raw_user_meta_data) VALUES ('46c7733c-7d25-4326-b63d-1deabf708de5', 'robert.johnson63@example.com', '$2a$10$abcdefghijklmnopqrstuv', NOW(), 'authenticated', 'authenticated', '{"full_name": "robert.johnson63", "email": "robert.johnson63@example.com"}') ON CONFLICT (id) DO NOTHING;
INSERT INTO auth.users (id, email, encrypted_password, email_confirmed_at, aud, role, raw_user_meta_data) VALUES ('4337c714-0fb6-477a-97c2-bfdeae5a549d', 'jane.wilson58@example.com', '$2a$10$abcdefghijklmnopqrstuv', NOW(), 'authenticated', 'authenticated', '{"full_name": "jane.wilson58", "email": "jane.wilson58@example.com"}') ON CONFLICT (id) DO NOTHING;
INSERT INTO auth.users (id, email, encrypted_password, email_confirmed_at, aud, role, raw_user_meta_data) VALUES ('ef7e3591-dda3-4d0d-8745-bbb7a06ddd4d', 'david.johnson44@example.com', '$2a$10$abcdefghijklmnopqrstuv', NOW(), 'authenticated', 'authenticated', '{"full_name": "david.johnson44", "email": "david.johnson44@example.com"}') ON CONFLICT (id) DO NOTHING;
INSERT INTO auth.users (id, email, encrypted_password, email_confirmed_at, aud, role, raw_user_meta_data) VALUES ('29a3b269-c84b-4812-b7b3-9cb7ce5d0caf', 'david.wilson47@example.com', '$2a$10$abcdefghijklmnopqrstuv', NOW(), 'authenticated', 'authenticated', '{"full_name": "david.wilson47", "email": "david.wilson47@example.com"}') ON CONFLICT (id) DO NOTHING;
INSERT INTO auth.users (id, email, encrypted_password, email_confirmed_at, aud, role, raw_user_meta_data) VALUES ('ee79fe6c-303f-4564-8d41-4947d9a22a86', 'tom.taylor84@example.com', '$2a$10$abcdefghijklmnopqrstuv', NOW(), 'authenticated', 'authenticated', '{"full_name": "tom.taylor84", "email": "tom.taylor84@example.com"}') ON CONFLICT (id) DO NOTHING;
INSERT INTO auth.users (id, email, encrypted_password, email_confirmed_at, aud, role, raw_user_meta_data) VALUES ('705868e7-e80c-4252-8861-05f0ad7e6700', 'tom.brown15@example.com', '$2a$10$abcdefghijklmnopqrstuv', NOW(), 'authenticated', 'authenticated', '{"full_name": "tom.brown15", "email": "tom.brown15@example.com"}') ON CONFLICT (id) DO NOTHING;
INSERT INTO auth.users (id, email, encrypted_password, email_confirmed_at, aud, role, raw_user_meta_data) VALUES ('31ff12f3-13a3-4ede-8504-42d91b353b85', 'jessica.brown67@example.com', '$2a$10$abcdefghijklmnopqrstuv', NOW(), 'authenticated', 'authenticated', '{"full_name": "jessica.brown67", "email": "jessica.brown67@example.com"}') ON CONFLICT (id) DO NOTHING;
INSERT INTO auth.users (id, email, encrypted_password, email_confirmed_at, aud, role, raw_user_meta_data) VALUES ('a61b6112-bec7-4f2c-aa37-89e0a7773b6f', 'tom.doe38@example.com', '$2a$10$abcdefghijklmnopqrstuv', NOW(), 'authenticated', 'authenticated', '{"full_name": "tom.doe38", "email": "tom.doe38@example.com"}') ON CONFLICT (id) DO NOTHING;
INSERT INTO auth.users (id, email, encrypted_password, email_confirmed_at, aud, role, raw_user_meta_data) VALUES ('b62fe23e-cfe2-4af8-9b78-630d34e616ee', 'robert.anderson59@example.com', '$2a$10$abcdefghijklmnopqrstuv', NOW(), 'authenticated', 'authenticated', '{"full_name": "robert.anderson59", "email": "robert.anderson59@example.com"}') ON CONFLICT (id) DO NOTHING;
INSERT INTO auth.users (id, email, encrypted_password, email_confirmed_at, aud, role, raw_user_meta_data) VALUES ('4f17f734-11c7-4b04-ad2a-71c8fee923c7', 'mike.jackson30@example.com', '$2a$10$abcdefghijklmnopqrstuv', NOW(), 'authenticated', 'authenticated', '{"full_name": "mike.jackson30", "email": "mike.jackson30@example.com"}') ON CONFLICT (id) DO NOTHING;
INSERT INTO auth.users (id, email, encrypted_password, email_confirmed_at, aud, role, raw_user_meta_data) VALUES ('a8d7b5c7-f5a0-473b-84fd-ff999227f4ee', 'jane.smith66@example.com', '$2a$10$abcdefghijklmnopqrstuv', NOW(), 'authenticated', 'authenticated', '{"full_name": "jane.smith66", "email": "jane.smith66@example.com"}') ON CONFLICT (id) DO NOTHING;
INSERT INTO auth.users (id, email, encrypted_password, email_confirmed_at, aud, role, raw_user_meta_data) VALUES ('f140ddf2-41bc-4aa4-9ae2-40dcca547702', 'john.thomas14@example.com', '$2a$10$abcdefghijklmnopqrstuv', NOW(), 'authenticated', 'authenticated', '{"full_name": "john.thomas14", "email": "john.thomas14@example.com"}') ON CONFLICT (id) DO NOTHING;
INSERT INTO auth.users (id, email, encrypted_password, email_confirmed_at, aud, role, raw_user_meta_data) VALUES ('9d086936-a422-4375-ad56-27a1904ced14', 'emma.moore68@example.com', '$2a$10$abcdefghijklmnopqrstuv', NOW(), 'authenticated', 'authenticated', '{"full_name": "emma.moore68", "email": "emma.moore68@example.com"}') ON CONFLICT (id) DO NOTHING;
INSERT INTO auth.users (id, email, encrypted_password, email_confirmed_at, aud, role, raw_user_meta_data) VALUES ('6b998f84-0259-49cb-8dbf-02751336cd5d', 'john.taylor13@example.com', '$2a$10$abcdefghijklmnopqrstuv', NOW(), 'authenticated', 'authenticated', '{"full_name": "john.taylor13", "email": "john.taylor13@example.com"}') ON CONFLICT (id) DO NOTHING;
INSERT INTO auth.users (id, email, encrypted_password, email_confirmed_at, aud, role, raw_user_meta_data) VALUES ('d5a4b99b-4312-4ed8-8029-35335d9a848c', 'lisa.doe91@example.com', '$2a$10$abcdefghijklmnopqrstuv', NOW(), 'authenticated', 'authenticated', '{"full_name": "lisa.doe91", "email": "lisa.doe91@example.com"}') ON CONFLICT (id) DO NOTHING;
INSERT INTO auth.users (id, email, encrypted_password, email_confirmed_at, aud, role, raw_user_meta_data) VALUES ('57c9dd89-47d2-4ceb-be05-95d8dc7cb82e', 'emma.doe89@example.com', '$2a$10$abcdefghijklmnopqrstuv', NOW(), 'authenticated', 'authenticated', '{"full_name": "emma.doe89", "email": "emma.doe89@example.com"}') ON CONFLICT (id) DO NOTHING;
INSERT INTO auth.users (id, email, encrypted_password, email_confirmed_at, aud, role, raw_user_meta_data) VALUES ('ffbb00ca-21d5-4c44-8c3f-8cc045e6341e', 'robert.brown80@example.com', '$2a$10$abcdefghijklmnopqrstuv', NOW(), 'authenticated', 'authenticated', '{"full_name": "robert.brown80", "email": "robert.brown80@example.com"}') ON CONFLICT (id) DO NOTHING;
INSERT INTO auth.users (id, email, encrypted_password, email_confirmed_at, aud, role, raw_user_meta_data) VALUES ('858753d6-55b3-4aa5-9bca-27199d3f14ab', 'tom.thomas52@example.com', '$2a$10$abcdefghijklmnopqrstuv', NOW(), 'authenticated', 'authenticated', '{"full_name": "tom.thomas52", "email": "tom.thomas52@example.com"}') ON CONFLICT (id) DO NOTHING;
INSERT INTO auth.users (id, email, encrypted_password, email_confirmed_at, aud, role, raw_user_meta_data) VALUES ('82bc624c-ac43-4474-9233-e7963ca6d35a', 'robert.jackson10@example.com', '$2a$10$abcdefghijklmnopqrstuv', NOW(), 'authenticated', 'authenticated', '{"full_name": "robert.jackson10", "email": "robert.jackson10@example.com"}') ON CONFLICT (id) DO NOTHING;
INSERT INTO auth.users (id, email, encrypted_password, email_confirmed_at, aud, role, raw_user_meta_data) VALUES ('c2bc4b5e-1fd2-4a10-ba9b-8ad41a3e44ce', 'emma.johnson85@example.com', '$2a$10$abcdefghijklmnopqrstuv', NOW(), 'authenticated', 'authenticated', '{"full_name": "emma.johnson85", "email": "emma.johnson85@example.com"}') ON CONFLICT (id) DO NOTHING;
INSERT INTO auth.users (id, email, encrypted_password, email_confirmed_at, aud, role, raw_user_meta_data) VALUES ('8ba8ffbe-3528-4063-b9bd-45360115b181', 'john.wilson37@example.com', '$2a$10$abcdefghijklmnopqrstuv', NOW(), 'authenticated', 'authenticated', '{"full_name": "john.wilson37", "email": "john.wilson37@example.com"}') ON CONFLICT (id) DO NOTHING;
INSERT INTO auth.users (id, email, encrypted_password, email_confirmed_at, aud, role, raw_user_meta_data) VALUES ('7b416389-ab7a-4ffc-94b2-c8cbd2af7d23', 'lisa.brown63@example.com', '$2a$10$abcdefghijklmnopqrstuv', NOW(), 'authenticated', 'authenticated', '{"full_name": "lisa.brown63", "email": "lisa.brown63@example.com"}') ON CONFLICT (id) DO NOTHING;
INSERT INTO auth.users (id, email, encrypted_password, email_confirmed_at, aud, role, raw_user_meta_data) VALUES ('4f0e90a8-3bfd-4bd5-bac6-dcbfa095ef38', 'jessica.anderson22@example.com', '$2a$10$abcdefghijklmnopqrstuv', NOW(), 'authenticated', 'authenticated', '{"full_name": "jessica.anderson22", "email": "jessica.anderson22@example.com"}') ON CONFLICT (id) DO NOTHING;
INSERT INTO auth.users (id, email, encrypted_password, email_confirmed_at, aud, role, raw_user_meta_data) VALUES ('2bc4e542-c5b9-4668-8c24-06e54a73dafc', 'emma.moore80@example.com', '$2a$10$abcdefghijklmnopqrstuv', NOW(), 'authenticated', 'authenticated', '{"full_name": "emma.moore80", "email": "emma.moore80@example.com"}') ON CONFLICT (id) DO NOTHING;
INSERT INTO auth.users (id, email, encrypted_password, email_confirmed_at, aud, role, raw_user_meta_data) VALUES ('ce86fbcf-4681-45eb-b58c-e69dbd35f109', 'david.thomas74@example.com', '$2a$10$abcdefghijklmnopqrstuv', NOW(), 'authenticated', 'authenticated', '{"full_name": "david.thomas74", "email": "david.thomas74@example.com"}') ON CONFLICT (id) DO NOTHING;
INSERT INTO auth.users (id, email, encrypted_password, email_confirmed_at, aud, role, raw_user_meta_data) VALUES ('6e9369e0-2e05-4200-9dcc-8d7f6eeac7c6', 'emma.johnson27@example.com', '$2a$10$abcdefghijklmnopqrstuv', NOW(), 'authenticated', 'authenticated', '{"full_name": "emma.johnson27", "email": "emma.johnson27@example.com"}') ON CONFLICT (id) DO NOTHING;
INSERT INTO auth.users (id, email, encrypted_password, email_confirmed_at, aud, role, raw_user_meta_data) VALUES ('c1c526e9-e422-46c3-aec3-2e67f6f6e6d9', 'sarah.brown12@example.com', '$2a$10$abcdefghijklmnopqrstuv', NOW(), 'authenticated', 'authenticated', '{"full_name": "sarah.brown12", "email": "sarah.brown12@example.com"}') ON CONFLICT (id) DO NOTHING;
INSERT INTO auth.users (id, email, encrypted_password, email_confirmed_at, aud, role, raw_user_meta_data) VALUES ('56eb073f-ff14-4cd6-b38a-a4205eaac6d8', 'sarah.smith63@example.com', '$2a$10$abcdefghijklmnopqrstuv', NOW(), 'authenticated', 'authenticated', '{"full_name": "sarah.smith63", "email": "sarah.smith63@example.com"}') ON CONFLICT (id) DO NOTHING;
INSERT INTO auth.users (id, email, encrypted_password, email_confirmed_at, aud, role, raw_user_meta_data) VALUES ('be3e28c5-f5da-4101-b0b6-5ce58b116c56', 'john.moore55@example.com', '$2a$10$abcdefghijklmnopqrstuv', NOW(), 'authenticated', 'authenticated', '{"full_name": "john.moore55", "email": "john.moore55@example.com"}') ON CONFLICT (id) DO NOTHING;
INSERT INTO auth.users (id, email, encrypted_password, email_confirmed_at, aud, role, raw_user_meta_data) VALUES ('19a12fc6-3700-4a28-b0ac-8aebbb429ade', 'lisa.brown45@example.com', '$2a$10$abcdefghijklmnopqrstuv', NOW(), 'authenticated', 'authenticated', '{"full_name": "lisa.brown45", "email": "lisa.brown45@example.com"}') ON CONFLICT (id) DO NOTHING;
INSERT INTO auth.users (id, email, encrypted_password, email_confirmed_at, aud, role, raw_user_meta_data) VALUES ('9da408f2-c570-4b05-9efd-aa5ad7a9a6f7', 'david.brown85@example.com', '$2a$10$abcdefghijklmnopqrstuv', NOW(), 'authenticated', 'authenticated', '{"full_name": "david.brown85", "email": "david.brown85@example.com"}') ON CONFLICT (id) DO NOTHING;
INSERT INTO auth.users (id, email, encrypted_password, email_confirmed_at, aud, role, raw_user_meta_data) VALUES ('0d67fd31-1059-451b-8f62-f76b1ae18c87', 'david.jackson44@example.com', '$2a$10$abcdefghijklmnopqrstuv', NOW(), 'authenticated', 'authenticated', '{"full_name": "david.jackson44", "email": "david.jackson44@example.com"}') ON CONFLICT (id) DO NOTHING;
INSERT INTO auth.users (id, email, encrypted_password, email_confirmed_at, aud, role, raw_user_meta_data) VALUES ('b43530b2-10b1-4396-bb14-c1f18e1e1961', 'lisa.anderson42@example.com', '$2a$10$abcdefghijklmnopqrstuv', NOW(), 'authenticated', 'authenticated', '{"full_name": "lisa.anderson42", "email": "lisa.anderson42@example.com"}') ON CONFLICT (id) DO NOTHING;
INSERT INTO auth.users (id, email, encrypted_password, email_confirmed_at, aud, role, raw_user_meta_data) VALUES ('e4653c77-0672-44b9-af1f-d41221cd142d', 'sarah.taylor85@example.com', '$2a$10$abcdefghijklmnopqrstuv', NOW(), 'authenticated', 'authenticated', '{"full_name": "sarah.taylor85", "email": "sarah.taylor85@example.com"}') ON CONFLICT (id) DO NOTHING;
INSERT INTO auth.users (id, email, encrypted_password, email_confirmed_at, aud, role, raw_user_meta_data) VALUES ('ddbded9b-24e6-48a1-8f8c-40dca771a621', 'tom.doe71@example.com', '$2a$10$abcdefghijklmnopqrstuv', NOW(), 'authenticated', 'authenticated', '{"full_name": "tom.doe71", "email": "tom.doe71@example.com"}') ON CONFLICT (id) DO NOTHING;
INSERT INTO auth.users (id, email, encrypted_password, email_confirmed_at, aud, role, raw_user_meta_data) VALUES ('59e1519c-6753-4f79-b14e-67fe7fe1b991', 'robert.moore15@example.com', '$2a$10$abcdefghijklmnopqrstuv', NOW(), 'authenticated', 'authenticated', '{"full_name": "robert.moore15", "email": "robert.moore15@example.com"}') ON CONFLICT (id) DO NOTHING;
INSERT INTO auth.users (id, email, encrypted_password, email_confirmed_at, aud, role, raw_user_meta_data) VALUES ('e2cf98ec-7141-4623-9cae-c01bda9c00bd', 'robert.taylor99@example.com', '$2a$10$abcdefghijklmnopqrstuv', NOW(), 'authenticated', 'authenticated', '{"full_name": "robert.taylor99", "email": "robert.taylor99@example.com"}') ON CONFLICT (id) DO NOTHING;
INSERT INTO auth.users (id, email, encrypted_password, email_confirmed_at, aud, role, raw_user_meta_data) VALUES ('93d7bd55-49f2-4320-bc93-93ac36994d89', 'lisa.jackson15@example.com', '$2a$10$abcdefghijklmnopqrstuv', NOW(), 'authenticated', 'authenticated', '{"full_name": "lisa.jackson15", "email": "lisa.jackson15@example.com"}') ON CONFLICT (id) DO NOTHING;
INSERT INTO auth.users (id, email, encrypted_password, email_confirmed_at, aud, role, raw_user_meta_data) VALUES ('8c50b9b0-4f12-4734-a340-2f5f95235545', 'tom.brown82@example.com', '$2a$10$abcdefghijklmnopqrstuv', NOW(), 'authenticated', 'authenticated', '{"full_name": "tom.brown82", "email": "tom.brown82@example.com"}') ON CONFLICT (id) DO NOTHING;
INSERT INTO auth.users (id, email, encrypted_password, email_confirmed_at, aud, role, raw_user_meta_data) VALUES ('9ef63f58-9d6a-4e7f-b60c-e4a8c63f58ff', 'tom.wilson72@example.com', '$2a$10$abcdefghijklmnopqrstuv', NOW(), 'authenticated', 'authenticated', '{"full_name": "tom.wilson72", "email": "tom.wilson72@example.com"}') ON CONFLICT (id) DO NOTHING;
INSERT INTO auth.users (id, email, encrypted_password, email_confirmed_at, aud, role, raw_user_meta_data) VALUES ('9c38fc97-38f4-4db8-92e3-a8eea1896ed1', 'john.doe68@example.com', '$2a$10$abcdefghijklmnopqrstuv', NOW(), 'authenticated', 'authenticated', '{"full_name": "john.doe68", "email": "john.doe68@example.com"}') ON CONFLICT (id) DO NOTHING;
INSERT INTO auth.users (id, email, encrypted_password, email_confirmed_at, aud, role, raw_user_meta_data) VALUES ('6398f75a-9378-4e7d-bf93-d38d4e246d0f', 'robert.doe99@example.com', '$2a$10$abcdefghijklmnopqrstuv', NOW(), 'authenticated', 'authenticated', '{"full_name": "robert.doe99", "email": "robert.doe99@example.com"}') ON CONFLICT (id) DO NOTHING;
INSERT INTO public.profiles (id, user_id, email, full_name, company_name, subscription_tier, subscription_status) VALUES (gen_random_uuid(), '2590e03d-5871-482b-9603-db83a9963917', 'lisa.brown75@example.com', 'Fake User', 'Fake Co', 'trial', 'active') ON CONFLICT (user_id) DO NOTHING;
INSERT INTO public.profiles (id, user_id, email, full_name, company_name, subscription_tier, subscription_status) VALUES (gen_random_uuid(), '172db8ec-f79a-4b22-a483-d0038cc66e1e', 'emma.wilson97@example.com', 'Fake User', 'Fake Co', 'trial', 'active') ON CONFLICT (user_id) DO NOTHING;
INSERT INTO public.profiles (id, user_id, email, full_name, company_name, subscription_tier, subscription_status) VALUES (gen_random_uuid(), '43a31cda-f2dd-4a30-aebe-c50a0661fe18', 'robert.taylor86@example.com', 'Fake User', 'Fake Co', 'trial', 'active') ON CONFLICT (user_id) DO NOTHING;
INSERT INTO public.profiles (id, user_id, email, full_name, company_name, subscription_tier, subscription_status) VALUES (gen_random_uuid(), '02c864ca-93ea-474e-b4a9-eab812a1307c', 'john.thomas94@example.com', 'Fake User', 'Fake Co', 'trial', 'active') ON CONFLICT (user_id) DO NOTHING;
INSERT INTO public.profiles (id, user_id, email, full_name, company_name, subscription_tier, subscription_status) VALUES (gen_random_uuid(), 'c4b6c24f-3f49-49f2-9d79-152fcc4f7656', 'robert.wilson90@example.com', 'Fake User', 'Fake Co', 'trial', 'active') ON CONFLICT (user_id) DO NOTHING;
INSERT INTO public.profiles (id, user_id, email, full_name, company_name, subscription_tier, subscription_status) VALUES (gen_random_uuid(), 'ebc8d872-f31e-45d4-8031-b099af8920dc', 'robert.smith65@example.com', 'Fake User', 'Fake Co', 'trial', 'active') ON CONFLICT (user_id) DO NOTHING;
INSERT INTO public.profiles (id, user_id, email, full_name, company_name, subscription_tier, subscription_status) VALUES (gen_random_uuid(), '75754f61-309a-4f01-b777-cb303664085d', 'mike.brown99@example.com', 'Fake User', 'Fake Co', 'trial', 'active') ON CONFLICT (user_id) DO NOTHING;
INSERT INTO public.profiles (id, user_id, email, full_name, company_name, subscription_tier, subscription_status) VALUES (gen_random_uuid(), '4715f785-3b5f-4b8f-b504-7d7a2227d1d8', 'mike.jackson60@example.com', 'Fake User', 'Fake Co', 'trial', 'active') ON CONFLICT (user_id) DO NOTHING;
INSERT INTO public.profiles (id, user_id, email, full_name, company_name, subscription_tier, subscription_status) VALUES (gen_random_uuid(), '46c7733c-7d25-4326-b63d-1deabf708de5', 'robert.johnson63@example.com', 'Fake User', 'Fake Co', 'trial', 'active') ON CONFLICT (user_id) DO NOTHING;
INSERT INTO public.profiles (id, user_id, email, full_name, company_name, subscription_tier, subscription_status) VALUES (gen_random_uuid(), '4337c714-0fb6-477a-97c2-bfdeae5a549d', 'jane.wilson58@example.com', 'Fake User', 'Fake Co', 'trial', 'active') ON CONFLICT (user_id) DO NOTHING;
INSERT INTO public.profiles (id, user_id, email, full_name, company_name, subscription_tier, subscription_status) VALUES (gen_random_uuid(), 'ef7e3591-dda3-4d0d-8745-bbb7a06ddd4d', 'david.johnson44@example.com', 'Fake User', 'Fake Co', 'trial', 'active') ON CONFLICT (user_id) DO NOTHING;
INSERT INTO public.profiles (id, user_id, email, full_name, company_name, subscription_tier, subscription_status) VALUES (gen_random_uuid(), '29a3b269-c84b-4812-b7b3-9cb7ce5d0caf', 'david.wilson47@example.com', 'Fake User', 'Fake Co', 'trial', 'active') ON CONFLICT (user_id) DO NOTHING;
INSERT INTO public.profiles (id, user_id, email, full_name, company_name, subscription_tier, subscription_status) VALUES (gen_random_uuid(), 'ee79fe6c-303f-4564-8d41-4947d9a22a86', 'tom.taylor84@example.com', 'Fake User', 'Fake Co', 'trial', 'active') ON CONFLICT (user_id) DO NOTHING;
INSERT INTO public.profiles (id, user_id, email, full_name, company_name, subscription_tier, subscription_status) VALUES (gen_random_uuid(), '705868e7-e80c-4252-8861-05f0ad7e6700', 'tom.brown15@example.com', 'Fake User', 'Fake Co', 'trial', 'active') ON CONFLICT (user_id) DO NOTHING;
INSERT INTO public.profiles (id, user_id, email, full_name, company_name, subscription_tier, subscription_status) VALUES (gen_random_uuid(), '31ff12f3-13a3-4ede-8504-42d91b353b85', 'jessica.brown67@example.com', 'Fake User', 'Fake Co', 'trial', 'active') ON CONFLICT (user_id) DO NOTHING;
INSERT INTO public.profiles (id, user_id, email, full_name, company_name, subscription_tier, subscription_status) VALUES (gen_random_uuid(), 'a61b6112-bec7-4f2c-aa37-89e0a7773b6f', 'tom.doe38@example.com', 'Fake User', 'Fake Co', 'trial', 'active') ON CONFLICT (user_id) DO NOTHING;
INSERT INTO public.profiles (id, user_id, email, full_name, company_name, subscription_tier, subscription_status) VALUES (gen_random_uuid(), 'b62fe23e-cfe2-4af8-9b78-630d34e616ee', 'robert.anderson59@example.com', 'Fake User', 'Fake Co', 'trial', 'active') ON CONFLICT (user_id) DO NOTHING;
INSERT INTO public.profiles (id, user_id, email, full_name, company_name, subscription_tier, subscription_status) VALUES (gen_random_uuid(), '4f17f734-11c7-4b04-ad2a-71c8fee923c7', 'mike.jackson30@example.com', 'Fake User', 'Fake Co', 'trial', 'active') ON CONFLICT (user_id) DO NOTHING;
INSERT INTO public.profiles (id, user_id, email, full_name, company_name, subscription_tier, subscription_status) VALUES (gen_random_uuid(), 'a8d7b5c7-f5a0-473b-84fd-ff999227f4ee', 'jane.smith66@example.com', 'Fake User', 'Fake Co', 'trial', 'active') ON CONFLICT (user_id) DO NOTHING;
INSERT INTO public.profiles (id, user_id, email, full_name, company_name, subscription_tier, subscription_status) VALUES (gen_random_uuid(), 'f140ddf2-41bc-4aa4-9ae2-40dcca547702', 'john.thomas14@example.com', 'Fake User', 'Fake Co', 'trial', 'active') ON CONFLICT (user_id) DO NOTHING;
INSERT INTO public.profiles (id, user_id, email, full_name, company_name, subscription_tier, subscription_status) VALUES (gen_random_uuid(), '9d086936-a422-4375-ad56-27a1904ced14', 'emma.moore68@example.com', 'Fake User', 'Fake Co', 'trial', 'active') ON CONFLICT (user_id) DO NOTHING;
INSERT INTO public.profiles (id, user_id, email, full_name, company_name, subscription_tier, subscription_status) VALUES (gen_random_uuid(), '6b998f84-0259-49cb-8dbf-02751336cd5d', 'john.taylor13@example.com', 'Fake User', 'Fake Co', 'trial', 'active') ON CONFLICT (user_id) DO NOTHING;
INSERT INTO public.profiles (id, user_id, email, full_name, company_name, subscription_tier, subscription_status) VALUES (gen_random_uuid(), 'd5a4b99b-4312-4ed8-8029-35335d9a848c', 'lisa.doe91@example.com', 'Fake User', 'Fake Co', 'trial', 'active') ON CONFLICT (user_id) DO NOTHING;
INSERT INTO public.profiles (id, user_id, email, full_name, company_name, subscription_tier, subscription_status) VALUES (gen_random_uuid(), '57c9dd89-47d2-4ceb-be05-95d8dc7cb82e', 'emma.doe89@example.com', 'Fake User', 'Fake Co', 'trial', 'active') ON CONFLICT (user_id) DO NOTHING;
INSERT INTO public.profiles (id, user_id, email, full_name, company_name, subscription_tier, subscription_status) VALUES (gen_random_uuid(), 'ffbb00ca-21d5-4c44-8c3f-8cc045e6341e', 'robert.brown80@example.com', 'Fake User', 'Fake Co', 'trial', 'active') ON CONFLICT (user_id) DO NOTHING;
INSERT INTO public.profiles (id, user_id, email, full_name, company_name, subscription_tier, subscription_status) VALUES (gen_random_uuid(), '858753d6-55b3-4aa5-9bca-27199d3f14ab', 'tom.thomas52@example.com', 'Fake User', 'Fake Co', 'trial', 'active') ON CONFLICT (user_id) DO NOTHING;
INSERT INTO public.profiles (id, user_id, email, full_name, company_name, subscription_tier, subscription_status) VALUES (gen_random_uuid(), '82bc624c-ac43-4474-9233-e7963ca6d35a', 'robert.jackson10@example.com', 'Fake User', 'Fake Co', 'trial', 'active') ON CONFLICT (user_id) DO NOTHING;
INSERT INTO public.profiles (id, user_id, email, full_name, company_name, subscription_tier, subscription_status) VALUES (gen_random_uuid(), 'c2bc4b5e-1fd2-4a10-ba9b-8ad41a3e44ce', 'emma.johnson85@example.com', 'Fake User', 'Fake Co', 'trial', 'active') ON CONFLICT (user_id) DO NOTHING;
INSERT INTO public.profiles (id, user_id, email, full_name, company_name, subscription_tier, subscription_status) VALUES (gen_random_uuid(), '8ba8ffbe-3528-4063-b9bd-45360115b181', 'john.wilson37@example.com', 'Fake User', 'Fake Co', 'trial', 'active') ON CONFLICT (user_id) DO NOTHING;
INSERT INTO public.profiles (id, user_id, email, full_name, company_name, subscription_tier, subscription_status) VALUES (gen_random_uuid(), '7b416389-ab7a-4ffc-94b2-c8cbd2af7d23', 'lisa.brown63@example.com', 'Fake User', 'Fake Co', 'trial', 'active') ON CONFLICT (user_id) DO NOTHING;
INSERT INTO public.profiles (id, user_id, email, full_name, company_name, subscription_tier, subscription_status) VALUES (gen_random_uuid(), '4f0e90a8-3bfd-4bd5-bac6-dcbfa095ef38', 'jessica.anderson22@example.com', 'Fake User', 'Fake Co', 'trial', 'active') ON CONFLICT (user_id) DO NOTHING;
INSERT INTO public.profiles (id, user_id, email, full_name, company_name, subscription_tier, subscription_status) VALUES (gen_random_uuid(), '2bc4e542-c5b9-4668-8c24-06e54a73dafc', 'emma.moore80@example.com', 'Fake User', 'Fake Co', 'trial', 'active') ON CONFLICT (user_id) DO NOTHING;
INSERT INTO public.profiles (id, user_id, email, full_name, company_name, subscription_tier, subscription_status) VALUES (gen_random_uuid(), 'ce86fbcf-4681-45eb-b58c-e69dbd35f109', 'david.thomas74@example.com', 'Fake User', 'Fake Co', 'trial', 'active') ON CONFLICT (user_id) DO NOTHING;
INSERT INTO public.profiles (id, user_id, email, full_name, company_name, subscription_tier, subscription_status) VALUES (gen_random_uuid(), '6e9369e0-2e05-4200-9dcc-8d7f6eeac7c6', 'emma.johnson27@example.com', 'Fake User', 'Fake Co', 'trial', 'active') ON CONFLICT (user_id) DO NOTHING;
INSERT INTO public.profiles (id, user_id, email, full_name, company_name, subscription_tier, subscription_status) VALUES (gen_random_uuid(), 'c1c526e9-e422-46c3-aec3-2e67f6f6e6d9', 'sarah.brown12@example.com', 'Fake User', 'Fake Co', 'trial', 'active') ON CONFLICT (user_id) DO NOTHING;
INSERT INTO public.profiles (id, user_id, email, full_name, company_name, subscription_tier, subscription_status) VALUES (gen_random_uuid(), '56eb073f-ff14-4cd6-b38a-a4205eaac6d8', 'sarah.smith63@example.com', 'Fake User', 'Fake Co', 'trial', 'active') ON CONFLICT (user_id) DO NOTHING;
INSERT INTO public.profiles (id, user_id, email, full_name, company_name, subscription_tier, subscription_status) VALUES (gen_random_uuid(), 'be3e28c5-f5da-4101-b0b6-5ce58b116c56', 'john.moore55@example.com', 'Fake User', 'Fake Co', 'trial', 'active') ON CONFLICT (user_id) DO NOTHING;
INSERT INTO public.profiles (id, user_id, email, full_name, company_name, subscription_tier, subscription_status) VALUES (gen_random_uuid(), '19a12fc6-3700-4a28-b0ac-8aebbb429ade', 'lisa.brown45@example.com', 'Fake User', 'Fake Co', 'trial', 'active') ON CONFLICT (user_id) DO NOTHING;
INSERT INTO public.profiles (id, user_id, email, full_name, company_name, subscription_tier, subscription_status) VALUES (gen_random_uuid(), '9da408f2-c570-4b05-9efd-aa5ad7a9a6f7', 'david.brown85@example.com', 'Fake User', 'Fake Co', 'trial', 'active') ON CONFLICT (user_id) DO NOTHING;
INSERT INTO public.profiles (id, user_id, email, full_name, company_name, subscription_tier, subscription_status) VALUES (gen_random_uuid(), '0d67fd31-1059-451b-8f62-f76b1ae18c87', 'david.jackson44@example.com', 'Fake User', 'Fake Co', 'trial', 'active') ON CONFLICT (user_id) DO NOTHING;
INSERT INTO public.profiles (id, user_id, email, full_name, company_name, subscription_tier, subscription_status) VALUES (gen_random_uuid(), 'b43530b2-10b1-4396-bb14-c1f18e1e1961', 'lisa.anderson42@example.com', 'Fake User', 'Fake Co', 'trial', 'active') ON CONFLICT (user_id) DO NOTHING;
INSERT INTO public.profiles (id, user_id, email, full_name, company_name, subscription_tier, subscription_status) VALUES (gen_random_uuid(), 'e4653c77-0672-44b9-af1f-d41221cd142d', 'sarah.taylor85@example.com', 'Fake User', 'Fake Co', 'trial', 'active') ON CONFLICT (user_id) DO NOTHING;
INSERT INTO public.profiles (id, user_id, email, full_name, company_name, subscription_tier, subscription_status) VALUES (gen_random_uuid(), 'ddbded9b-24e6-48a1-8f8c-40dca771a621', 'tom.doe71@example.com', 'Fake User', 'Fake Co', 'trial', 'active') ON CONFLICT (user_id) DO NOTHING;
INSERT INTO public.profiles (id, user_id, email, full_name, company_name, subscription_tier, subscription_status) VALUES (gen_random_uuid(), '59e1519c-6753-4f79-b14e-67fe7fe1b991', 'robert.moore15@example.com', 'Fake User', 'Fake Co', 'trial', 'active') ON CONFLICT (user_id) DO NOTHING;
INSERT INTO public.profiles (id, user_id, email, full_name, company_name, subscription_tier, subscription_status) VALUES (gen_random_uuid(), 'e2cf98ec-7141-4623-9cae-c01bda9c00bd', 'robert.taylor99@example.com', 'Fake User', 'Fake Co', 'trial', 'active') ON CONFLICT (user_id) DO NOTHING;
INSERT INTO public.profiles (id, user_id, email, full_name, company_name, subscription_tier, subscription_status) VALUES (gen_random_uuid(), '93d7bd55-49f2-4320-bc93-93ac36994d89', 'lisa.jackson15@example.com', 'Fake User', 'Fake Co', 'trial', 'active') ON CONFLICT (user_id) DO NOTHING;
INSERT INTO public.profiles (id, user_id, email, full_name, company_name, subscription_tier, subscription_status) VALUES (gen_random_uuid(), '8c50b9b0-4f12-4734-a340-2f5f95235545', 'tom.brown82@example.com', 'Fake User', 'Fake Co', 'trial', 'active') ON CONFLICT (user_id) DO NOTHING;
INSERT INTO public.profiles (id, user_id, email, full_name, company_name, subscription_tier, subscription_status) VALUES (gen_random_uuid(), '9ef63f58-9d6a-4e7f-b60c-e4a8c63f58ff', 'tom.wilson72@example.com', 'Fake User', 'Fake Co', 'trial', 'active') ON CONFLICT (user_id) DO NOTHING;
INSERT INTO public.profiles (id, user_id, email, full_name, company_name, subscription_tier, subscription_status) VALUES (gen_random_uuid(), '9c38fc97-38f4-4db8-92e3-a8eea1896ed1', 'john.doe68@example.com', 'Fake User', 'Fake Co', 'trial', 'active') ON CONFLICT (user_id) DO NOTHING;
INSERT INTO public.profiles (id, user_id, email, full_name, company_name, subscription_tier, subscription_status) VALUES (gen_random_uuid(), '6398f75a-9378-4e7d-bf93-d38d4e246d0f', 'robert.doe99@example.com', 'Fake User', 'Fake Co', 'trial', 'active') ON CONFLICT (user_id) DO NOTHING;
INSERT INTO public.community_posts (id, user_id, post_type, status, origin_lat, origin_lng, origin_city, origin_country, dest_city, dest_country, dest_lat, dest_lng, template_key, metadata, contact_phone, contact_whatsapp, created_at, updated_at, expires_at, view_count, contact_count) VALUES ('05ce309c-2598-437f-a9f4-bd82b3febf12', '2590e03d-5871-482b-9603-db83a9963917', 'DRIVER_AVAILABLE', 'active', 34.02782358315851, -118.26171901241175, 'Los Angeles', 'United States', 'Portland', 'United States', 45.5152, -122.6784, 'long_haul', '{"direction": "local", "truck_type": "Van", "available_hours": 56}', '', FALSE, '2026-01-22T06:41:57.787701', '2026-01-22T06:41:57.787701', '2026-01-29T06:41:57.787701', 29, 2) ON CONFLICT (id) DO NOTHING;
INSERT INTO public.community_posts (id, user_id, post_type, status, origin_lat, origin_lng, origin_city, origin_country, dest_city, dest_country, dest_lat, dest_lng, template_key, metadata, contact_phone, contact_whatsapp, created_at, updated_at, expires_at, view_count, contact_count) VALUES ('e6064f72-f653-4241-8023-0309a0b3eec1', '172db8ec-f79a-4b22-a483-d0038cc66e1e', 'DRIVER_AVAILABLE', 'active', 34.08485972308629, -118.22761428667239, 'Los Angeles', 'United States', 'Orlando', 'United States', 28.5383, -81.3792, 'north', '{"direction": "north", "truck_type": "Refrigerated", "available_hours": 10}', '', FALSE, '2026-01-22T06:41:57.787701', '2026-01-22T06:41:57.787701', '2026-01-29T06:41:57.787701', 17, 2) ON CONFLICT (id) DO NOTHING;
INSERT INTO public.community_posts (id, user_id, post_type, status, origin_lat, origin_lng, origin_city, origin_country, dest_city, dest_country, dest_lat, dest_lng, template_key, metadata, contact_phone, contact_whatsapp, created_at, updated_at, expires_at, view_count, contact_count) VALUES ('d7834721-6dd1-48a7-bf29-e4dac0a4c4a8', '43a31cda-f2dd-4a30-aebe-c50a0661fe18', 'DRIVER_AVAILABLE', 'active', 34.0756052452517, -118.28041505179013, 'Los Angeles', 'United States', 'Nashville', 'United States', 36.1627, -86.7816, 'long_haul', '{"direction": "east", "truck_type": "Refrigerated", "available_hours": 66}', '', FALSE, '2026-01-22T06:41:57.787701', '2026-01-22T06:41:57.787701', '2026-01-29T06:41:57.787701', 71, 2) ON CONFLICT (id) DO NOTHING;
INSERT INTO public.community_posts (id, user_id, post_type, status, origin_lat, origin_lng, origin_city, origin_country, dest_city, dest_country, dest_lat, dest_lng, template_key, metadata, contact_phone, contact_whatsapp, created_at, updated_at, expires_at, view_count, contact_count) VALUES ('62465632-5f30-464f-9348-477e3d018f1f', '02c864ca-93ea-474e-b4a9-eab812a1307c', 'DRIVER_AVAILABLE', 'active', 34.00260664351825, -118.24397943089537, 'Los Angeles', 'United States', 'Sacramento', 'United States', 38.5816, -121.4944, 'south', '{"direction": "local", "truck_type": "Van", "available_hours": 20}', '', FALSE, '2026-01-22T06:41:57.787701', '2026-01-22T06:41:57.787701', '2026-01-29T06:41:57.787701', 49, 5) ON CONFLICT (id) DO NOTHING;
INSERT INTO public.community_posts (id, user_id, post_type, status, origin_lat, origin_lng, origin_city, origin_country, dest_city, dest_country, dest_lat, dest_lng, template_key, metadata, contact_phone, contact_whatsapp, created_at, updated_at, expires_at, view_count, contact_count) VALUES ('d6143e87-9916-4ced-ba33-e15a4f4cf48a', 'c4b6c24f-3f49-49f2-9d79-152fcc4f7656', 'DRIVER_AVAILABLE', 'active', 34.029172413475216, -118.22802750753876, 'Los Angeles', 'United States', 'Nashville', 'United States', 36.1627, -86.7816, 'local', '{"direction": "long_haul", "truck_type": "Flatbed", "available_hours": 65}', '', FALSE, '2026-01-22T06:41:57.787701', '2026-01-22T06:41:57.787701', '2026-01-29T06:41:57.787701', 14, 5) ON CONFLICT (id) DO NOTHING;
INSERT INTO public.community_posts (id, user_id, post_type, status, origin_lat, origin_lng, origin_city, origin_country, dest_city, dest_country, dest_lat, dest_lng, template_key, metadata, contact_phone, contact_whatsapp, created_at, updated_at, expires_at, view_count, contact_count) VALUES ('a346251e-595b-46df-876b-341d76de185d', 'ebc8d872-f31e-45d4-8031-b099af8920dc', 'DRIVER_AVAILABLE', 'active', 34.09430775564912, -118.27437530045734, 'Los Angeles', 'United States', 'San Antonio', 'United States', 29.4241, -98.4936, 'north', '{"direction": "south", "truck_type": "20T", "available_hours": 54}', '', FALSE, '2026-01-22T06:41:57.787701', '2026-01-22T06:41:57.787701', '2026-01-29T06:41:57.787701', 48, 4) ON CONFLICT (id) DO NOTHING;
INSERT INTO public.community_posts (id, user_id, post_type, status, origin_lat, origin_lng, origin_city, origin_country, dest_city, dest_country, dest_lat, dest_lng, template_key, metadata, contact_phone, contact_whatsapp, created_at, updated_at, expires_at, view_count, contact_count) VALUES ('de937320-7e97-4284-9327-eb8f426bb237', '75754f61-309a-4f01-b777-cb303664085d', 'DRIVER_AVAILABLE', 'active', 34.09261705206108, -118.28574986259035, 'Los Angeles', 'United States', 'Boise', 'United States', 43.615, -116.2023, 'local', '{"direction": "local", "truck_type": "Refrigerated", "available_hours": 66}', '', FALSE, '2026-01-22T06:41:57.787701', '2026-01-22T06:41:57.787701', '2026-01-29T06:41:57.787701', 14, 1) ON CONFLICT (id) DO NOTHING;
INSERT INTO public.community_posts (id, user_id, post_type, status, origin_lat, origin_lng, origin_city, origin_country, dest_city, dest_country, dest_lat, dest_lng, template_key, metadata, contact_phone, contact_whatsapp, created_at, updated_at, expires_at, view_count, contact_count) VALUES ('220e7519-f404-45cd-ba13-ec308fbd54e1', '4715f785-3b5f-4b8f-b504-7d7a2227d1d8', 'DRIVER_AVAILABLE', 'active', 34.10066564640849, -118.2165657682745, 'Los Angeles', 'United States', 'Stockton', 'United States', 37.9577, -121.2908, 'south', '{"direction": "west", "truck_type": "20T", "available_hours": 32}', '', FALSE, '2026-01-22T06:41:57.787701', '2026-01-22T06:41:57.787701', '2026-01-29T06:41:57.787701', 11, 2) ON CONFLICT (id) DO NOTHING;
INSERT INTO public.community_posts (id, user_id, post_type, status, origin_lat, origin_lng, origin_city, origin_country, dest_city, dest_country, dest_lat, dest_lng, template_key, metadata, contact_phone, contact_whatsapp, created_at, updated_at, expires_at, view_count, contact_count) VALUES ('a5e135c8-e4a2-4045-9c15-aa01501edafe', '46c7733c-7d25-4326-b63d-1deabf708de5', 'DRIVER_AVAILABLE', 'active', 34.02904365225925, -118.27656673313821, 'Los Angeles', 'United States', 'San Jose', 'United States', 37.3382, -121.8863, 'local', '{"direction": "long_haul", "truck_type": "20T", "available_hours": 43}', '', FALSE, '2026-01-22T06:41:57.787701', '2026-01-22T06:41:57.787701', '2026-01-29T06:41:57.789207', 100, 5) ON CONFLICT (id) DO NOTHING;
INSERT INTO public.community_posts (id, user_id, post_type, status, origin_lat, origin_lng, origin_city, origin_country, dest_city, dest_country, dest_lat, dest_lng, template_key, metadata, contact_phone, contact_whatsapp, created_at, updated_at, expires_at, view_count, contact_count) VALUES ('469d87f4-020f-4d32-95d1-2f1d13ac2716', '4337c714-0fb6-477a-97c2-bfdeae5a549d', 'DRIVER_AVAILABLE', 'active', 33.743779520428966, -118.21303558974436, 'Long Beach', 'United States', 'Minneapolis', 'United States', 44.9778, -93.265, 'local', '{"direction": "long_haul", "truck_type": "Van", "available_hours": 39}', '', FALSE, '2026-01-22T06:41:57.789207', '2026-01-22T06:41:57.789207', '2026-01-29T06:41:57.789207', 65, 5) ON CONFLICT (id) DO NOTHING;
INSERT INTO public.community_posts (id, user_id, post_type, status, origin_lat, origin_lng, origin_city, origin_country, dest_city, dest_country, dest_lat, dest_lng, template_key, metadata, contact_phone, contact_whatsapp, created_at, updated_at, expires_at, view_count, contact_count) VALUES ('67f7b9ac-892d-4048-bd18-c8fe5c4a8bf7', 'ef7e3591-dda3-4d0d-8745-bbb7a06ddd4d', 'DRIVER_AVAILABLE', 'active', 33.74711854088399, -118.19103632794244, 'Long Beach', 'United States', 'Nashville', 'United States', 36.1627, -86.7816, 'north', '{"direction": "south", "truck_type": "Refrigerated", "available_hours": 48}', '', FALSE, '2026-01-22T06:41:57.789207', '2026-01-22T06:41:57.789207', '2026-01-29T06:41:57.789207', 87, 0) ON CONFLICT (id) DO NOTHING;
INSERT INTO public.community_posts (id, user_id, post_type, status, origin_lat, origin_lng, origin_city, origin_country, dest_city, dest_country, dest_lat, dest_lng, template_key, metadata, contact_phone, contact_whatsapp, created_at, updated_at, expires_at, view_count, contact_count) VALUES ('c55919bc-0215-487f-8b82-b6d6fdc32dd9', '29a3b269-c84b-4812-b7b3-9cb7ce5d0caf', 'DRIVER_AVAILABLE', 'active', 33.81975493537257, -118.21679127529771, 'Long Beach', 'United States', 'Tacoma', 'United States', 47.2529, -122.4443, 'local', '{"direction": "long_haul", "truck_type": "Flatbed", "available_hours": 60}', '', FALSE, '2026-01-22T06:41:57.789207', '2026-01-22T06:41:57.789207', '2026-01-29T06:41:57.789207', 28, 1) ON CONFLICT (id) DO NOTHING;
INSERT INTO public.community_posts (id, user_id, post_type, status, origin_lat, origin_lng, origin_city, origin_country, dest_city, dest_country, dest_lat, dest_lng, template_key, metadata, contact_phone, contact_whatsapp, created_at, updated_at, expires_at, view_count, contact_count) VALUES ('94e19301-6ff2-488b-a742-25081b287657', 'ee79fe6c-303f-4564-8d41-4947d9a22a86', 'DRIVER_AVAILABLE', 'active', 33.782167250497565, -118.15803405915422, 'Long Beach', 'United States', 'Chicago', 'United States', 41.8781, -87.6298, 'north', '{"direction": "east", "truck_type": "Flatbed", "available_hours": 6}', '', FALSE, '2026-01-22T06:41:57.789207', '2026-01-22T06:41:57.789207', '2026-01-29T06:41:57.789207', 90, 3) ON CONFLICT (id) DO NOTHING;
INSERT INTO public.community_posts (id, user_id, post_type, status, origin_lat, origin_lng, origin_city, origin_country, dest_city, dest_country, dest_lat, dest_lng, template_key, metadata, contact_phone, contact_whatsapp, created_at, updated_at, expires_at, view_count, contact_count) VALUES ('67ee0576-6d97-4c00-832a-724b97911763', '705868e7-e80c-4252-8861-05f0ad7e6700', 'DRIVER_AVAILABLE', 'active', 33.74409058121284, -118.21615350650706, 'Long Beach', 'United States', 'Nashville', 'United States', 36.1627, -86.7816, 'long_haul', '{"direction": "east", "truck_type": "Van", "available_hours": 46}', '', FALSE, '2026-01-22T06:41:57.789207', '2026-01-22T06:41:57.789207', '2026-01-29T06:41:57.789207', 50, 3) ON CONFLICT (id) DO NOTHING;
INSERT INTO public.community_posts (id, user_id, post_type, status, origin_lat, origin_lng, origin_city, origin_country, dest_city, dest_country, dest_lat, dest_lng, template_key, metadata, contact_phone, contact_whatsapp, created_at, updated_at, expires_at, view_count, contact_count) VALUES ('815bc155-44fd-4739-9ad6-c31bf5b9d411', '31ff12f3-13a3-4ede-8504-42d91b353b85', 'DRIVER_AVAILABLE', 'active', 33.8198896371281, -118.1575013366271, 'Long Beach', 'United States', 'San Diego', 'United States', 32.7157, -117.1611, 'local', '{"direction": "east", "truck_type": "20T", "available_hours": 22}', '', FALSE, '2026-01-22T06:41:57.789207', '2026-01-22T06:41:57.789207', '2026-01-29T06:41:57.789207', 65, 1) ON CONFLICT (id) DO NOTHING;
INSERT INTO public.community_posts (id, user_id, post_type, status, origin_lat, origin_lng, origin_city, origin_country, dest_city, dest_country, dest_lat, dest_lng, template_key, metadata, contact_phone, contact_whatsapp, created_at, updated_at, expires_at, view_count, contact_count) VALUES ('010ea6fc-3fca-4693-88bf-5d8751c9d917', 'a61b6112-bec7-4f2c-aa37-89e0a7773b6f', 'DRIVER_AVAILABLE', 'active', 33.72991933820335, -118.1868293833216, 'Long Beach', 'United States', 'Baltimore', 'United States', 39.2904, -76.6122, 'north', '{"direction": "south", "truck_type": "Refrigerated", "available_hours": 12}', '', FALSE, '2026-01-22T06:41:57.789207', '2026-01-22T06:41:57.789207', '2026-01-29T06:41:57.789207', 29, 0) ON CONFLICT (id) DO NOTHING;
INSERT INTO public.community_posts (id, user_id, post_type, status, origin_lat, origin_lng, origin_city, origin_country, dest_city, dest_country, dest_lat, dest_lng, template_key, metadata, contact_phone, contact_whatsapp, created_at, updated_at, expires_at, view_count, contact_count) VALUES ('f9a82a1e-65ea-4bf4-8031-35cdd4c3c586', 'b62fe23e-cfe2-4af8-9b78-630d34e616ee', 'DRIVER_AVAILABLE', 'active', 33.72902590349185, -118.15698994254984, 'Long Beach', 'United States', 'Tulsa', 'United States', 36.1539, -95.9928, 'local', '{"direction": "west", "truck_type": "Van", "available_hours": 63}', '', FALSE, '2026-01-22T06:41:57.789207', '2026-01-22T06:41:57.789207', '2026-01-29T06:41:57.789207', 62, 2) ON CONFLICT (id) DO NOTHING;
INSERT INTO public.community_posts (id, user_id, post_type, status, origin_lat, origin_lng, origin_city, origin_country, dest_city, dest_country, dest_lat, dest_lng, template_key, metadata, contact_phone, contact_whatsapp, created_at, updated_at, expires_at, view_count, contact_count) VALUES ('9cbf8371-43a2-4ac5-afc8-5778df5b06fa', '4f17f734-11c7-4b04-ad2a-71c8fee923c7', 'DRIVER_AVAILABLE', 'active', 33.78104250768177, -118.24137626399917, 'Long Beach', 'United States', 'Albuquerque', 'United States', 35.0844, -106.6504, 'south', '{"direction": "north", "truck_type": "Van", "available_hours": 69}', '', FALSE, '2026-01-22T06:41:57.789207', '2026-01-22T06:41:57.789207', '2026-01-29T06:41:57.789207', 8, 4) ON CONFLICT (id) DO NOTHING;
INSERT INTO public.community_posts (id, user_id, post_type, status, origin_lat, origin_lng, origin_city, origin_country, dest_city, dest_country, dest_lat, dest_lng, template_key, metadata, contact_phone, contact_whatsapp, created_at, updated_at, expires_at, view_count, contact_count) VALUES ('46423824-f1d0-454b-acac-8829b715a32f', 'a8d7b5c7-f5a0-473b-84fd-ff999227f4ee', 'DRIVER_AVAILABLE', 'active', 33.782523257710054, -118.186737216404, 'Long Beach', 'United States', 'Pittsburgh', 'United States', 40.4406, -79.9959, 'local', '{"direction": "east", "truck_type": "Refrigerated", "available_hours": 13}', '', FALSE, '2026-01-22T06:41:57.789207', '2026-01-22T06:41:57.789207', '2026-01-29T06:41:57.789207', 97, 3) ON CONFLICT (id) DO NOTHING;
INSERT INTO public.community_posts (id, user_id, post_type, status, origin_lat, origin_lng, origin_city, origin_country, dest_city, dest_country, dest_lat, dest_lng, template_key, metadata, contact_phone, contact_whatsapp, created_at, updated_at, expires_at, view_count, contact_count) VALUES ('39c8a651-80f8-4350-951d-d99832ef609f', 'f140ddf2-41bc-4aa4-9ae2-40dcca547702', 'DRIVER_AVAILABLE', 'active', 34.08942006413813, -117.69357372641845, 'Ontario', 'United States', 'Tampa', 'United States', 27.9506, -82.4572, 'local', '{"direction": "west", "truck_type": "Flatbed", "available_hours": 51}', '', FALSE, '2026-01-22T06:41:57.789207', '2026-01-22T06:41:57.789207', '2026-01-29T06:41:57.789207', 56, 0) ON CONFLICT (id) DO NOTHING;
INSERT INTO public.community_posts (id, user_id, post_type, status, origin_lat, origin_lng, origin_city, origin_country, dest_city, dest_country, dest_lat, dest_lng, template_key, metadata, contact_phone, contact_whatsapp, created_at, updated_at, expires_at, view_count, contact_count) VALUES ('f7f3d8ce-3f75-499f-9a37-0ddddac8a60d', '9d086936-a422-4375-ad56-27a1904ced14', 'DRIVER_AVAILABLE', 'active', 34.08105531963416, -117.61595867137336, 'Ontario', 'United States', 'Bakersfield', 'United States', 35.3733, -119.0187, 'long_haul', '{"direction": "local", "truck_type": "Box Truck", "available_hours": 4}', '', FALSE, '2026-01-22T06:41:57.789207', '2026-01-22T06:41:57.789207', '2026-01-29T06:41:57.789207', 52, 2) ON CONFLICT (id) DO NOTHING;
INSERT INTO public.community_posts (id, user_id, post_type, status, origin_lat, origin_lng, origin_city, origin_country, dest_city, dest_country, dest_lat, dest_lng, template_key, metadata, contact_phone, contact_whatsapp, created_at, updated_at, expires_at, view_count, contact_count) VALUES ('a8d03d4b-8a0a-4cdd-8f14-29fa525ed373', '6b998f84-0259-49cb-8dbf-02751336cd5d', 'DRIVER_AVAILABLE', 'active', 34.07178073460132, -117.6254771982352, 'Ontario', 'United States', 'San Diego', 'United States', 32.7157, -117.1611, 'north', '{"direction": "west", "truck_type": "20T", "available_hours": 12}', '', FALSE, '2026-01-22T06:41:57.789207', '2026-01-22T06:41:57.789207', '2026-01-29T06:41:57.789207', 28, 1) ON CONFLICT (id) DO NOTHING;
INSERT INTO public.community_posts (id, user_id, post_type, status, origin_lat, origin_lng, origin_city, origin_country, dest_city, dest_country, dest_lat, dest_lng, template_key, metadata, contact_phone, contact_whatsapp, created_at, updated_at, expires_at, view_count, contact_count) VALUES ('e9a64386-ed1e-48e5-9bfd-066b7c1b4603', 'd5a4b99b-4312-4ed8-8029-35335d9a848c', 'DRIVER_AVAILABLE', 'active', 34.04815949519135, -117.65130022215583, 'Ontario', 'United States', 'Baltimore', 'United States', 39.2904, -76.6122, 'south', '{"direction": "south", "truck_type": "Flatbed", "available_hours": 55}', '', FALSE, '2026-01-22T06:41:57.789207', '2026-01-22T06:41:57.789207', '2026-01-29T06:41:57.789207', 67, 5) ON CONFLICT (id) DO NOTHING;
INSERT INTO public.community_posts (id, user_id, post_type, status, origin_lat, origin_lng, origin_city, origin_country, dest_city, dest_country, dest_lat, dest_lng, template_key, metadata, contact_phone, contact_whatsapp, created_at, updated_at, expires_at, view_count, contact_count) VALUES ('de57d49e-52fa-4766-aade-2f09c6c0cdb0', '57c9dd89-47d2-4ceb-be05-95d8dc7cb82e', 'DRIVER_AVAILABLE', 'active', 34.09599497761205, -117.61232545237247, 'Ontario', 'United States', 'San Antonio', 'United States', 29.4241, -98.4936, 'south', '{"direction": "south", "truck_type": "Box Truck", "available_hours": 49}', '', FALSE, '2026-01-22T06:41:57.789207', '2026-01-22T06:41:57.789207', '2026-01-29T06:41:57.789207', 5, 4) ON CONFLICT (id) DO NOTHING;
INSERT INTO public.community_posts (id, user_id, post_type, status, origin_lat, origin_lng, origin_city, origin_country, dest_city, dest_country, dest_lat, dest_lng, template_key, metadata, contact_phone, contact_whatsapp, created_at, updated_at, expires_at, view_count, contact_count) VALUES ('508f4a65-515f-4917-ace2-2a00d550e6b1', 'ffbb00ca-21d5-4c44-8c3f-8cc045e6341e', 'DRIVER_AVAILABLE', 'active', 34.09922598568261, -117.69885175113602, 'Ontario', 'United States', 'San Jose', 'United States', 37.3382, -121.8863, 'long_haul', '{"direction": "north", "truck_type": "20T", "available_hours": 61}', '', FALSE, '2026-01-22T06:41:57.789207', '2026-01-22T06:41:57.789207', '2026-01-29T06:41:57.789207', 60, 3) ON CONFLICT (id) DO NOTHING;
INSERT INTO public.community_posts (id, user_id, post_type, status, origin_lat, origin_lng, origin_city, origin_country, dest_city, dest_country, dest_lat, dest_lng, template_key, metadata, contact_phone, contact_whatsapp, created_at, updated_at, expires_at, view_count, contact_count) VALUES ('00ef725b-5927-439c-bf6a-94e35a28138b', '858753d6-55b3-4aa5-9bca-27199d3f14ab', 'DRIVER_AVAILABLE', 'active', 34.014289960612345, -117.66782760125687, 'Ontario', 'United States', 'Birmingham', 'United States', 33.5186, -86.8104, 'long_haul', '{"direction": "north", "truck_type": "20T", "available_hours": 26}', '', FALSE, '2026-01-22T06:41:57.789207', '2026-01-22T06:41:57.789207', '2026-01-29T06:41:57.789207', 91, 0) ON CONFLICT (id) DO NOTHING;
INSERT INTO public.community_posts (id, user_id, post_type, status, origin_lat, origin_lng, origin_city, origin_country, dest_city, dest_country, dest_lat, dest_lng, template_key, metadata, contact_phone, contact_whatsapp, created_at, updated_at, expires_at, view_count, contact_count) VALUES ('1c9cd519-c288-43f0-8ced-cc83a91db209', '82bc624c-ac43-4474-9233-e7963ca6d35a', 'DRIVER_AVAILABLE', 'active', 32.75260830551222, -117.20784828408516, 'San Diego', 'United States', 'Baltimore', 'United States', 39.2904, -76.6122, 'local', '{"direction": "north", "truck_type": "Box Truck", "available_hours": 15}', '', FALSE, '2026-01-22T06:41:57.789207', '2026-01-22T06:41:57.789207', '2026-01-29T06:41:57.789207', 90, 1) ON CONFLICT (id) DO NOTHING;
INSERT INTO public.community_posts (id, user_id, post_type, status, origin_lat, origin_lng, origin_city, origin_country, dest_city, dest_country, dest_lat, dest_lng, template_key, metadata, contact_phone, contact_whatsapp, created_at, updated_at, expires_at, view_count, contact_count) VALUES ('7a363de3-56c5-401d-a38a-c616bf4b033e', 'c2bc4b5e-1fd2-4a10-ba9b-8ad41a3e44ce', 'DRIVER_AVAILABLE', 'active', 32.69137224263519, -117.18574577717746, 'San Diego', 'United States', 'Philadelphia', 'United States', 39.9526, -75.1652, 'south', '{"direction": "long_haul", "truck_type": "Refrigerated", "available_hours": 4}', '', FALSE, '2026-01-22T06:41:57.789207', '2026-01-22T06:41:57.789207', '2026-01-29T06:41:57.789207', 48, 5) ON CONFLICT (id) DO NOTHING;
INSERT INTO public.community_posts (id, user_id, post_type, status, origin_lat, origin_lng, origin_city, origin_country, dest_city, dest_country, dest_lat, dest_lng, template_key, metadata, contact_phone, contact_whatsapp, created_at, updated_at, expires_at, view_count, contact_count) VALUES ('a74f4651-0a18-45a4-be4b-969a41109404', '8ba8ffbe-3528-4063-b9bd-45360115b181', 'DRIVER_AVAILABLE', 'active', 32.70004921264142, -117.15620335739, 'San Diego', 'United States', 'New York', 'United States', 40.7128, -74.006, 'long_haul', '{"direction": "long_haul", "truck_type": "Van", "available_hours": 62}', '', FALSE, '2026-01-22T06:41:57.789207', '2026-01-22T06:41:57.789207', '2026-01-29T06:41:57.789207', 74, 0) ON CONFLICT (id) DO NOTHING;
INSERT INTO public.community_posts (id, user_id, post_type, status, origin_lat, origin_lng, origin_city, origin_country, dest_city, dest_country, dest_lat, dest_lng, template_key, metadata, contact_phone, contact_whatsapp, created_at, updated_at, expires_at, view_count, contact_count) VALUES ('8a19db25-9ee8-4dfe-8b5e-bc08fba35247', '7b416389-ab7a-4ffc-94b2-c8cbd2af7d23', 'DRIVER_AVAILABLE', 'active', 32.70464956283042, -117.20520224679323, 'San Diego', 'United States', 'Denver', 'United States', 39.7392, -104.9903, 'south', '{"direction": "south", "truck_type": "Refrigerated", "available_hours": 66}', '', FALSE, '2026-01-22T06:41:57.789207', '2026-01-22T06:41:57.789207', '2026-01-29T06:41:57.789207', 37, 4) ON CONFLICT (id) DO NOTHING;
INSERT INTO public.community_posts (id, user_id, post_type, status, origin_lat, origin_lng, origin_city, origin_country, dest_city, dest_country, dest_lat, dest_lng, template_key, metadata, contact_phone, contact_whatsapp, created_at, updated_at, expires_at, view_count, contact_count) VALUES ('b81a8764-3713-463b-8391-c17b7b8af02d', '4f0e90a8-3bfd-4bd5-bac6-dcbfa095ef38', 'DRIVER_AVAILABLE', 'active', 32.71234701587205, -117.13424686719766, 'San Diego', 'United States', 'Las Vegas', 'United States', 36.1699, -115.1398, 'long_haul', '{"direction": "south", "truck_type": "Box Truck", "available_hours": 11}', '', FALSE, '2026-01-22T06:41:57.789207', '2026-01-22T06:41:57.789207', '2026-01-29T06:41:57.789207', 15, 2) ON CONFLICT (id) DO NOTHING;
INSERT INTO public.community_posts (id, user_id, post_type, status, origin_lat, origin_lng, origin_city, origin_country, dest_city, dest_country, dest_lat, dest_lng, template_key, metadata, contact_phone, contact_whatsapp, created_at, updated_at, expires_at, view_count, contact_count) VALUES ('a5b9fd62-ec00-4a36-b859-0de79ca25163', '2bc4e542-c5b9-4668-8c24-06e54a73dafc', 'DRIVER_AVAILABLE', 'active', 32.74988316385538, -117.17560232991187, 'San Diego', 'United States', 'Sacramento', 'United States', 38.5816, -121.4944, 'south', '{"direction": "local", "truck_type": "Box Truck", "available_hours": 36}', '', FALSE, '2026-01-22T06:41:57.789207', '2026-01-22T06:41:57.789207', '2026-01-29T06:41:57.789207', 91, 1) ON CONFLICT (id) DO NOTHING;
INSERT INTO public.community_posts (id, user_id, post_type, status, origin_lat, origin_lng, origin_city, origin_country, dest_city, dest_country, dest_lat, dest_lng, template_key, metadata, contact_phone, contact_whatsapp, created_at, updated_at, expires_at, view_count, contact_count) VALUES ('da4ad89f-b0fd-4842-bd72-dae323ba6b1e', 'ce86fbcf-4681-45eb-b58c-e69dbd35f109', 'DRIVER_AVAILABLE', 'active', 32.67064090684991, -117.13578261589306, 'San Diego', 'United States', 'Milwaukee', 'United States', 43.0389, -87.9065, 'long_haul', '{"direction": "west", "truck_type": "20T", "available_hours": 40}', '', FALSE, '2026-01-22T06:41:57.789207', '2026-01-22T06:41:57.789207', '2026-01-29T06:41:57.789207', 9, 1) ON CONFLICT (id) DO NOTHING;
INSERT INTO public.community_posts (id, user_id, post_type, status, origin_lat, origin_lng, origin_city, origin_country, dest_city, dest_country, dest_lat, dest_lng, template_key, metadata, contact_phone, contact_whatsapp, created_at, updated_at, expires_at, view_count, contact_count) VALUES ('dc0eb788-c032-4863-9233-4f86b0e2ffff', '6e9369e0-2e05-4200-9dcc-8d7f6eeac7c6', 'DRIVER_AVAILABLE', 'active', 32.73450146200232, -117.20139147228925, 'San Diego', 'United States', 'Baltimore', 'United States', 39.2904, -76.6122, 'south', '{"direction": "east", "truck_type": "Refrigerated", "available_hours": 3}', '', FALSE, '2026-01-22T06:41:57.789207', '2026-01-22T06:41:57.789207', '2026-01-29T06:41:57.789207', 62, 1) ON CONFLICT (id) DO NOTHING;
INSERT INTO public.community_posts (id, user_id, post_type, status, origin_lat, origin_lng, origin_city, origin_country, dest_city, dest_country, dest_lat, dest_lng, template_key, metadata, contact_phone, contact_whatsapp, created_at, updated_at, expires_at, view_count, contact_count) VALUES ('0870c808-affd-4a26-9943-4c36a4d70f6d', 'c1c526e9-e422-46c3-aec3-2e67f6f6e6d9', 'DRIVER_AVAILABLE', 'active', 32.72033624551289, -117.11404858121618, 'San Diego', 'United States', 'Long Beach', 'United States', 33.7701, -118.1937, 'long_haul', '{"direction": "east", "truck_type": "Box Truck", "available_hours": 63}', '', FALSE, '2026-01-22T06:41:57.789207', '2026-01-22T06:41:57.789207', '2026-01-29T06:41:57.789207', 81, 5) ON CONFLICT (id) DO NOTHING;
INSERT INTO public.community_posts (id, user_id, post_type, status, origin_lat, origin_lng, origin_city, origin_country, dest_city, dest_country, dest_lat, dest_lng, template_key, metadata, contact_phone, contact_whatsapp, created_at, updated_at, expires_at, view_count, contact_count) VALUES ('bcdb5c96-c3e0-4ef5-986d-b8656299e0f7', '56eb073f-ff14-4cd6-b38a-a4205eaac6d8', 'DRIVER_AVAILABLE', 'active', 32.6945898941477, -117.16009621319871, 'San Diego', 'United States', 'Atlanta', 'United States', 33.749, -84.388, 'local', '{"direction": "long_haul", "truck_type": "Flatbed", "available_hours": 17}', '', FALSE, '2026-01-22T06:41:57.789207', '2026-01-22T06:41:57.789207', '2026-01-29T06:41:57.789207', 58, 3) ON CONFLICT (id) DO NOTHING;
INSERT INTO public.community_posts (id, user_id, post_type, status, origin_lat, origin_lng, origin_city, origin_country, dest_city, dest_country, dest_lat, dest_lng, template_key, metadata, contact_phone, contact_whatsapp, created_at, updated_at, expires_at, view_count, contact_count) VALUES ('ce47854e-a3d3-4c79-a819-cd6a57da563c', 'be3e28c5-f5da-4101-b0b6-5ce58b116c56', 'DRIVER_AVAILABLE', 'active', 32.57698820108852, -117.00017231457885, 'Otay Mesa', 'United States', 'New York', 'United States', 40.7128, -74.006, 'long_haul', '{"direction": "long_haul", "truck_type": "Flatbed", "available_hours": 31}', '', FALSE, '2026-01-22T06:41:57.789207', '2026-01-22T06:41:57.789207', '2026-01-29T06:41:57.789207', 90, 5) ON CONFLICT (id) DO NOTHING;
INSERT INTO public.community_posts (id, user_id, post_type, status, origin_lat, origin_lng, origin_city, origin_country, dest_city, dest_country, dest_lat, dest_lng, template_key, metadata, contact_phone, contact_whatsapp, created_at, updated_at, expires_at, view_count, contact_count) VALUES ('74809811-4e9c-459a-a4c1-6bb24c243d03', '19a12fc6-3700-4a28-b0ac-8aebbb429ade', 'DRIVER_AVAILABLE', 'active', 32.53331563637882, -116.97015306596666, 'Otay Mesa', 'United States', 'Dallas', 'United States', 32.7767, -96.797, 'north', '{"direction": "long_haul", "truck_type": "20T", "available_hours": 37}', '', FALSE, '2026-01-22T06:41:57.789207', '2026-01-22T06:41:57.789207', '2026-01-29T06:41:57.789207', 28, 1) ON CONFLICT (id) DO NOTHING;
INSERT INTO public.community_posts (id, user_id, post_type, status, origin_lat, origin_lng, origin_city, origin_country, dest_city, dest_country, dest_lat, dest_lng, template_key, metadata, contact_phone, contact_whatsapp, created_at, updated_at, expires_at, view_count, contact_count) VALUES ('9f2f2d23-282b-4e97-8ebf-a8224c03289f', '9da408f2-c570-4b05-9efd-aa5ad7a9a6f7', 'DRIVER_AVAILABLE', 'active', 32.530041481528, -116.98590418836174, 'Otay Mesa', 'United States', 'Salt Lake City', 'United States', 40.7608, -111.891, 'local', '{"direction": "north", "truck_type": "Refrigerated", "available_hours": 50}', '', FALSE, '2026-01-22T06:41:57.789207', '2026-01-22T06:41:57.789207', '2026-01-29T06:41:57.789207', 73, 3) ON CONFLICT (id) DO NOTHING;
INSERT INTO public.community_posts (id, user_id, post_type, status, origin_lat, origin_lng, origin_city, origin_country, dest_city, dest_country, dest_lat, dest_lng, template_key, metadata, contact_phone, contact_whatsapp, created_at, updated_at, expires_at, view_count, contact_count) VALUES ('a0f3dafd-8782-44a6-ac26-dc2bab63f987', '0d67fd31-1059-451b-8f62-f76b1ae18c87', 'DRIVER_AVAILABLE', 'active', 32.52498807926299, -117.01498256571224, 'Otay Mesa', 'United States', 'Tucson', 'United States', 32.2226, -110.9747, 'north', '{"direction": "west", "truck_type": "Van", "available_hours": 21}', '', FALSE, '2026-01-22T06:41:57.789207', '2026-01-22T06:41:57.789207', '2026-01-29T06:41:57.789207', 91, 3) ON CONFLICT (id) DO NOTHING;
INSERT INTO public.community_posts (id, user_id, post_type, status, origin_lat, origin_lng, origin_city, origin_country, dest_city, dest_country, dest_lat, dest_lng, template_key, metadata, contact_phone, contact_whatsapp, created_at, updated_at, expires_at, view_count, contact_count) VALUES ('c22ba890-f6a1-458f-a60f-1d020b0cbf81', 'b43530b2-10b1-4396-bb14-c1f18e1e1961', 'DRIVER_AVAILABLE', 'active', 32.58195886393861, -116.95078058110774, 'Otay Mesa', 'United States', 'Detroit', 'United States', 42.3314, -83.0458, 'north', '{"direction": "south", "truck_type": "Flatbed", "available_hours": 27}', '', FALSE, '2026-01-22T06:41:57.789207', '2026-01-22T06:41:57.789207', '2026-01-29T06:41:57.789207', 85, 3) ON CONFLICT (id) DO NOTHING;
INSERT INTO public.community_posts (id, user_id, post_type, status, origin_lat, origin_lng, origin_city, origin_country, dest_city, dest_country, dest_lat, dest_lng, template_key, metadata, contact_phone, contact_whatsapp, created_at, updated_at, expires_at, view_count, contact_count) VALUES ('e03dcdf7-4b0c-4a9d-bf58-ec4f7528a94e', 'e4653c77-0672-44b9-af1f-d41221cd142d', 'DRIVER_AVAILABLE', 'active', 32.52948251087289, -116.98631334936496, 'Otay Mesa', 'United States', 'Portland', 'United States', 45.5152, -122.6784, 'north', '{"direction": "north", "truck_type": "Box Truck", "available_hours": 19}', '', FALSE, '2026-01-22T06:41:57.789207', '2026-01-22T06:41:57.789207', '2026-01-29T06:41:57.789207', 59, 1) ON CONFLICT (id) DO NOTHING;
INSERT INTO public.community_posts (id, user_id, post_type, status, origin_lat, origin_lng, origin_city, origin_country, dest_city, dest_country, dest_lat, dest_lng, template_key, metadata, contact_phone, contact_whatsapp, created_at, updated_at, expires_at, view_count, contact_count) VALUES ('1c8f6727-be9c-48e8-8559-33e7197bd509', 'ddbded9b-24e6-48a1-8f8c-40dca771a621', 'DRIVER_AVAILABLE', 'active', 32.61314965705646, -117.00249447705578, 'Otay Mesa', 'United States', 'San Diego', 'United States', 32.7157, -117.1611, 'north', '{"direction": "west", "truck_type": "Van", "available_hours": 26}', '', FALSE, '2026-01-22T06:41:57.789207', '2026-01-22T06:41:57.789207', '2026-01-29T06:41:57.789207', 17, 3) ON CONFLICT (id) DO NOTHING;
INSERT INTO public.community_posts (id, user_id, post_type, status, origin_lat, origin_lng, origin_city, origin_country, dest_city, dest_country, dest_lat, dest_lng, template_key, metadata, contact_phone, contact_whatsapp, created_at, updated_at, expires_at, view_count, contact_count) VALUES ('26768ea1-875e-4317-9d1a-4dfcbbd6bafd', '59e1519c-6753-4f79-b14e-67fe7fe1b991', 'DRIVER_AVAILABLE', 'active', 37.74363511505042, -122.45480190486089, 'San Francisco', 'United States', 'Oklahoma City', 'United States', 35.4676, -97.5164, 'north', '{"direction": "long_haul", "truck_type": "Box Truck", "available_hours": 31}', '', FALSE, '2026-01-22T06:41:57.789207', '2026-01-22T06:41:57.789207', '2026-01-29T06:41:57.789207', 64, 0) ON CONFLICT (id) DO NOTHING;
INSERT INTO public.community_posts (id, user_id, post_type, status, origin_lat, origin_lng, origin_city, origin_country, dest_city, dest_country, dest_lat, dest_lng, template_key, metadata, contact_phone, contact_whatsapp, created_at, updated_at, expires_at, view_count, contact_count) VALUES ('41f2a6b8-2ab6-464e-871f-8893dcaf766f', 'e2cf98ec-7141-4623-9cae-c01bda9c00bd', 'DRIVER_AVAILABLE', 'active', 37.751181110003444, -122.46316194723575, 'San Francisco', 'United States', 'San Jose', 'United States', 37.3382, -121.8863, 'south', '{"direction": "east", "truck_type": "Box Truck", "available_hours": 44}', '', FALSE, '2026-01-22T06:41:57.789207', '2026-01-22T06:41:57.789207', '2026-01-29T06:41:57.789207', 9, 4) ON CONFLICT (id) DO NOTHING;
INSERT INTO public.community_posts (id, user_id, post_type, status, origin_lat, origin_lng, origin_city, origin_country, dest_city, dest_country, dest_lat, dest_lng, template_key, metadata, contact_phone, contact_whatsapp, created_at, updated_at, expires_at, view_count, contact_count) VALUES ('cb065960-79b8-45cc-8733-51d80e997e84', '93d7bd55-49f2-4320-bc93-93ac36994d89', 'DRIVER_AVAILABLE', 'active', 37.76895964273526, -122.38323480204906, 'San Francisco', 'United States', 'Indianapolis', 'United States', 39.7684, -86.1581, 'north', '{"direction": "east", "truck_type": "Van", "available_hours": 13}', '', FALSE, '2026-01-22T06:41:57.789207', '2026-01-22T06:41:57.789207', '2026-01-29T06:41:57.789207', 97, 5) ON CONFLICT (id) DO NOTHING;
INSERT INTO public.community_posts (id, user_id, post_type, status, origin_lat, origin_lng, origin_city, origin_country, dest_city, dest_country, dest_lat, dest_lng, template_key, metadata, contact_phone, contact_whatsapp, created_at, updated_at, expires_at, view_count, contact_count) VALUES ('43a495c9-973c-4f0f-87d9-6b25de8994ea', '8c50b9b0-4f12-4734-a340-2f5f95235545', 'DRIVER_AVAILABLE', 'active', 37.738432356316224, -122.45587517167195, 'San Francisco', 'United States', 'Dallas', 'United States', 32.7767, -96.797, 'north', '{"direction": "north", "truck_type": "20T", "available_hours": 59}', '', FALSE, '2026-01-22T06:41:57.789207', '2026-01-22T06:41:57.789207', '2026-01-29T06:41:57.789207', 52, 0) ON CONFLICT (id) DO NOTHING;
INSERT INTO public.community_posts (id, user_id, post_type, status, origin_lat, origin_lng, origin_city, origin_country, dest_city, dest_country, dest_lat, dest_lng, template_key, metadata, contact_phone, contact_whatsapp, created_at, updated_at, expires_at, view_count, contact_count) VALUES ('600b895e-9099-46a6-ae84-e3807883aa4c', '9ef63f58-9d6a-4e7f-b60c-e4a8c63f58ff', 'DRIVER_AVAILABLE', 'active', 37.74680740990971, -122.43219554002447, 'San Francisco', 'United States', 'Chicago', 'United States', 41.8781, -87.6298, 'local', '{"direction": "local", "truck_type": "Van", "available_hours": 70}', '', FALSE, '2026-01-22T06:41:57.789207', '2026-01-22T06:41:57.789207', '2026-01-29T06:41:57.789207', 21, 3) ON CONFLICT (id) DO NOTHING;
INSERT INTO public.community_posts (id, user_id, post_type, status, origin_lat, origin_lng, origin_city, origin_country, dest_city, dest_country, dest_lat, dest_lng, template_key, metadata, contact_phone, contact_whatsapp, created_at, updated_at, expires_at, view_count, contact_count) VALUES ('a601d0a3-0c79-4473-bf86-dfdc902f9130', '9c38fc97-38f4-4db8-92e3-a8eea1896ed1', 'DRIVER_AVAILABLE', 'active', 37.769573221863695, -122.46178755842595, 'San Francisco', 'United States', 'Philadelphia', 'United States', 39.9526, -75.1652, 'local', '{"direction": "south", "truck_type": "Van", "available_hours": 2}', '', FALSE, '2026-01-22T06:41:57.789207', '2026-01-22T06:41:57.789207', '2026-01-29T06:41:57.789207', 20, 2) ON CONFLICT (id) DO NOTHING;
INSERT INTO public.community_posts (id, user_id, post_type, status, origin_lat, origin_lng, origin_city, origin_country, dest_city, dest_country, dest_lat, dest_lng, template_key, metadata, contact_phone, contact_whatsapp, created_at, updated_at, expires_at, view_count, contact_count) VALUES ('70577392-4ec3-460d-972d-2a3fd04aed8c', '6398f75a-9378-4e7d-bf93-d38d4e246d0f', 'DRIVER_AVAILABLE', 'active', 37.82245746442142, -122.42831726599687, 'San Francisco', 'United States', 'Austin', 'United States', 30.2672, -97.7431, 'long_haul', '{"direction": "south", "truck_type": "Refrigerated", "available_hours": 44}', '', FALSE, '2026-01-22T06:41:57.789207', '2026-01-22T06:41:57.789207', '2026-01-29T06:41:57.789207', 28, 0) ON CONFLICT (id) DO NOTHING;
